<assembly
	xmlns="http://maven.apache.org/plugins/maven-assembly-plugin/assembly/1.1.0"
	xmlns:xsi="http://www.w3.org/2001/XMLSchema-instance"
	xsi:schemaLocation="http://maven.apache.org/plugins/maven-assembly-plugin/assembly/1.1.0 http://maven.apache.org/xsd/assembly-1.1.0.xsd">
	<id>bin</id>
	<formats>
		<format>tar.gz</format>
	</formats>
	<fileSets>
		<fileSet>
			<directory>src/main/resources/bash/</directory>
			<outputDirectory>/bin</outputDirectory>
			<includes>
				<include>*.sh</include>
				<include>*.bat</include>
			</includes>
		</fileSet>
		<fileSet>
			<directory>src/main/resources/conf/</directory>
			<outputDirectory>/conf</outputDirectory>
			<includes>
				<include>*.properties</include>
				<include>*.conf</include>
			</includes>
		</fileSet>
		<fileSet>
			<directory>src/main/resources/font/</directory>
			<outputDirectory>/font</outputDirectory>
			<includes>
				<include>*.flf</include>
			</includes>
		</fileSet>
		<fileSet>
			<directory>src/main/resources/db/</directory>
			<outputDirectory>/db</outputDirectory>
			<includes>
				<include></include>
			</includes>
		</fileSet>
		<fileSet>
			<directory>src/main/resources</directory>
			<outputDirectory>/logs</outputDirectory>
			<includes>
				<include></include>
			</includes>
		</fileSet>
		<fileSet>
			<directory>src/main/resources</directory>
			<outputDirectory>/</outputDirectory>
			<includes>
				<include>kms/**</include>
			</includes>
		</fileSet>
		<fileSet>
			<directory>${project.basedir}/target</directory>
			<outputDirectory>/kms/webapps</outputDirectory>
			<includes>
				<include>ke.war</include>
			</includes>
		</fileSet>
	</fileSets>
</assembly>