<?xml version="1.0" encoding="UTF-8"?>
<!DOCTYPE mapper PUBLIC "-//mybatis.org//DTD Mapper 3.0//EN" "http://mybatis.org/dtd/mybatis-3-mapper.dtd">
<mapper namespace="org.smartloli.kafka.eagle.web.dao.MBeanDao">

	<resultMap type="org.smartloli.kafka.eagle.common.protocol.KpiInfo"
		id="kpi">
		<result property="cluster" column="cluster" />
		<result property="key" column="key" />
		<result property="value" column="value" />
		<result property="hour" column="hour" />
		<result property="tm" column="tm" />
	</resultMap>

	<insert id="insert" parameterType="java.util.List">
		insert into
		ke_trend(`cluster`,`key`,`value`,`hour`,`tm`) values
		<foreach collection="list" item="item" index="index"
			separator=",">
			(#{item.cluster},#{item.key},#{item.value},#{item.hour},#{item.tm})
		</foreach>
	</insert>

	<select id="daily" parameterType="map" resultMap="kpi">
		select
		`key`,sum(`value`) as
		`value`,`hour`,tm
		from ke_trend where
		`cluster`=#{cluster} and tm
		between #{stime} and
		#{etime} group by
		`key`,`hour`,tm
	</select>

	<select id="day" parameterType="map" resultMap="kpi">
		select
		`key`,sum(`value`) as
		`value`,tm
		from ke_trend where
		`cluster`=#{cluster} and tm
		between #{stime} and
		#{etime} group by
		`key`,tm
	</select>

	<delete id="remove" parameterType="int">
		delete from ke_trend where
		tm=#{tm}
	</delete>

</mapper>