<?xml version="1.0" encoding="UTF-8"?>
<!DOCTYPE mapper PUBLIC "-//mybatis.org//DTD Mapper 3.0//EN" "http://mybatis.org/dtd/mybatis-3-mapper.dtd">
<mapper namespace="org.smartloli.kafka.eagle.web.dao.ResourcesDao">

	<resultMap type="org.smartloli.kafka.eagle.web.sso.pojo.Resources" id="resources">
		<result property="resourceId" column="resource_id" />
		<result property="name" column="name" />
		<result property="url" column="url" />
		<result property="parentId" column="parent_id" />
	</resultMap>

	<select id="findRoleIdByUserId" parameterType="int" resultType="Integer">
		select role_id
		from ke_user_role where user_id=#{userId}
	</select>

	<select id="findResourceIdByRole" parameterType="int"
		resultType="Integer">
		select resource_id
		from ke_role_resource where
		role_id=#{roleId}
	</select>

	<select id="getUserResources" parameterType="int" resultMap="resources">
		select * from ke_resources where resource_id=#{resourceId}
	</select>

	<select id="getResourcesTree" resultMap="resources">
		select * from
		ke_resources
	</select>

	<insert id="insertResource" parameterType="map">
		insert into
		ke_resources(name,url,parent_id) values(#{name},#{url},#{parentId})
	</insert>

	<select id="getResourceParent" resultMap="resources">
		select * from
		ke_resources where parent_id=-1
	</select>

	<select id="findResourceByParentId" parameterType="int"
		resultMap="resources">
		select * from
		ke_resources where parent_id=#{parentId}
	</select>

	<delete id="deleteParentOrChildByResId" parameterType="map">
		delete from ke_resources
		<where>
			<if test="parentId!=null and parentId!=''">
				resource_id=#{parentId} or parent_id=#{parentId}
			</if>
			<if test="resourceId!=null and resourceId!=''">
				resource_id=#{resourceId}
			</if>
		</where>
	</delete>

</mapper>