<?xml version="1.0" encoding="UTF-8"?>
<beans xmlns="http://www.springframework.org/schema/beans"
	xmlns:xsi="http://www.w3.org/2001/XMLSchema-instance"
	xsi:schemaLocation="http://www.springframework.org/schema/beans http://www.springframework.org/schema/beans/spring-beans-3.0.xsd">
	<!-- Add scheduling task bean configuration corresponding to class. -->
	<bean id="offsetsSchedule" class="org.smartloli.kafka.eagle.web.quartz.OffsetsQuartz" />
	<!-- Method for configuring scheduling specific execution. -->
	<!-- task1 -->
	<bean id="offsetsDetail"
		class="org.springframework.scheduling.quartz.MethodInvokingJobDetailFactoryBean">
		<property name="targetObject" ref="offsetsSchedule" />
		<property name="targetMethod" value="jobQuartz" />
		<property name="concurrent" value="false" />
	</bean>
	<!-- Configure the trigger time for scheduling execution. -->
	<bean id="offsetsTrigger"
		class="org.springframework.scheduling.quartz.CronTriggerFactoryBean">
		<property name="jobDetail" ref="offsetsDetail" />
		<property name="cronExpression">
			<!-- Perform task scheduling per 5min. -->
			<value>0 0/5 * * * ?</value>
		</property>
	</bean>
	<!-- Quartz scheduling factory scheduling plant can only have one, multiple 
		scheduling tasks added in list. -->
	<bean class="org.springframework.scheduling.quartz.SchedulerFactoryBean">
		<property name="triggers">
			<list>
				<!-- All scheduling lists. -->
				<ref local="offsetsTrigger" />
			</list>
		</property>
	</bean>
</beans>