<?xml version="1.0" encoding="UTF-8"?>
<beans xmlns="http://www.springframework.org/schema/beans"
	xmlns:xsi="http://www.w3.org/2001/XMLSchema-instance" xmlns:p="http://www.springframework.org/schema/p"
	xmlns:context="http://www.springframework.org/schema/context"
	xmlns:mvc="http://www.springframework.org/schema/mvc"
	xsi:schemaLocation="http://www.springframework.org/schema/beans  
                        http://www.springframework.org/schema/beans/spring-beans-3.1.xsd  
                        http://www.springframework.org/schema/context  
                        http://www.springframework.org/schema/context/spring-context-3.1.xsd  
                        http://www.springframework.org/schema/mvc  
                        http://www.springframework.org/schema/mvc/spring-mvc-4.0.xsd">
	<!-- Automatic scanning -->
	<context:component-scan base-package="org.smartloli.kafka.eagle.web" />
	<!-- Introducing configuration files -->
	<bean id="propertyConfigurer"
		class="org.springframework.beans.factory.config.PropertyPlaceholderConfigurer">
		<property name="location" value="classpath:system-config.properties" />
	</bean>

	<bean id="dataSource" class="com.alibaba.druid.pool.DruidDataSource"
		destroy-method="close">
		<property name="driverClassName" value="${kafka.eagle.driver}" />
		<property name="url" value="${kafka.eagle.url}" />
		<property name="username" value="${kafka.eagle.username}" />
		<property name="password" value="${kafka.eagle.password}" />
		<property name="maxActive" value="100" />
		<property name="initialSize" value="1" />
		<property name="maxWait" value="180000" />
		<property name="minIdle" value="1" />

		<property name="filters" value="stat" />
		<property name="timeBetweenEvictionRunsMillis" value="60000" />
		<property name="minEvictableIdleTimeMillis" value="300000" />
		<property name="validationQuery" value="SELECT 'x'" />
		<property name="testWhileIdle" value="true" />
		<property name="testOnBorrow" value="false" />
		<property name="testOnReturn" value="false" />

		<property name="removeAbandoned" value="true" />
		<property name="removeAbandonedTimeout" value="180" />
		<property name="logAbandoned" value="true" />
	</bean>

	<bean id="sqlSessionFactory" class="org.mybatis.spring.SqlSessionFactoryBean">
		<property name="dataSource" ref="dataSource" />
		<property name="typeAliasesPackage" value="org.smartloli.kafka.eagle.web.dao" />
	</bean>

	<!-- The name of the package where the DAO interface is located, and Spring 
		automatically finds the classes under it -->
	<bean class="org.mybatis.spring.mapper.MapperScannerConfigurer">
		<property name="sqlSessionFactoryBeanName" value="sqlSessionFactory"></property>
		<property name="basePackage" value="org.smartloli.kafka.eagle.web.dao" />
	</bean>

</beans>