<?xml version="1.0" encoding="UTF-8"?>
<!-- Pay attention to the following do not forget to import mvc & context 
	schema. -->
<beans xmlns="http://www.springframework.org/schema/beans"
	xmlns:mvc="http://www.springframework.org/schema/mvc" xmlns:xsi="http://www.w3.org/2001/XMLSchema-instance"
	xmlns:context="http://www.springframework.org/schema/context"
	xmlns:aop="http://www.springframework.org/schema/aop" xmlns:tx="http://www.springframework.org/schema/tx"
	xsi:schemaLocation="    
   http://www.springframework.org/schema/beans    
   http://www.springframework.org/schema/beans/spring-beans-3.0.xsd    
   http://www.springframework.org/schema/mvc    
   http://www.springframework.org/schema/mvc/spring-mvc-3.0.xsd    
   http://www.springframework.org/schema/context    
   http://www.springframework.org/schema/context/spring-context-3.0.xsd	
   http://www.springframework.org/schema/aop	
   http://www.springframework.org/schema/aop/spring-aop-3.1.xsd	
   http://www.springframework.org/schema/tx	
   http://www.springframework.org/schema/tx/spring-tx-3.1.xsd">

	<context:component-scan base-package="org.smartloli.kafka.eagle.web.controller" />
	<bean id="mappingJacksonHttpMessageConverter"
		class="org.springframework.http.converter.json.MappingJackson2HttpMessageConverter">
		<property name="supportedMediaTypes">
			<list>
				<value>text/html;charset=UTF-8</value>
			</list>
		</property>
	</bean>
	<bean
		class="org.springframework.web.servlet.mvc.annotation.AnnotationMethodHandlerAdapter">
		<property name="messageConverters">
			<list>
				<ref bean="mappingJacksonHttpMessageConverter" />	<!-- JSON Convert -->
			</list>
		</property>
	</bean>
	<!-- The first one is to annotate the annotations and the second one is 
		the processing method. -->
	<bean
		class="org.springframework.web.servlet.mvc.annotation.DefaultAnnotationHandlerMapping"></bean>
	<bean
		class="org.springframework.web.servlet.mvc.annotation.AnnotationMethodHandlerAdapter"></bean>
	<!-- HandlerMapping -->
	<bean
		class="org.springframework.web.servlet.handler.BeanNameUrlHandlerMapping" />

	<!-- HandlerAdapter -->
	<bean
		class="org.springframework.web.servlet.mvc.SimpleControllerHandlerAdapter" />

	<mvc:annotation-driven />
	<mvc:resources mapping="/media/**" location="/WEB-INF/media/" />

	<!-- ViewResolver -->
	<!-- Filter out the suffix *.jsp, the specified directory in the new page -->
	<bean
		class="org.springframework.web.servlet.view.InternalResourceViewResolver">
		<property name="viewClass"
			value="org.springframework.web.servlet.view.JstlView" />
		<property name="prefix" value="/WEB-INF/views/" />
		<property name="suffix" value=".jsp" />
	</bean>

	<aop:config proxy-target-class="true" />
	<bean
		class="org.springframework.aop.framework.autoproxy.DefaultAdvisorAutoProxyCreator"
		depends-on="lifecycleBeanPostProcessor">
		<property name="proxyTargetClass" value="true" />
	</bean>
	<bean id="lifecycleBeanPostProcessor" class="org.apache.shiro.spring.LifecycleBeanPostProcessor" />
	<bean
		class="org.springframework.web.servlet.handler.SimpleMappingExceptionResolver">
		<property name="exceptionMappings">
			<props>
				<prop key="org.apache.shiro.authz.UnauthorizedException">redirect:/errors/403</prop>
			</props>
		</property>
	</bean>
</beans> 